contrast,estimate,low,high
Rainfed N × stress,-368.6925581201743,-643.2582569235833,-94.1268593167652
Irrigation buffering,443.42446680620776,263.9354012346648,622.9135323777507
